{"frames":{"btn-single.png":{"x":0,"y":0,"w":388,"h":114,"offX":0,"offY":0,"sourceW":388,"sourceH":114},"btn-friendly.png":{"x":390,"y":0,"w":388,"h":114,"offX":0,"offY":0,"sourceW":388,"sourceH":114},"btn-single-down.png":{"x":0,"y":116,"w":388,"h":109,"offX":0,"offY":5,"sourceW":388,"sourceH":114},"btn-friendly-down.png":{"x":390,"y":116,"w":388,"h":109,"offX":0,"offY":5,"sourceW":388,"sourceH":114},"toast_bg.png":{"x":0,"y":227,"w":597,"h":58,"offX":0,"offY":0,"sourceW":597,"sourceH":58},"btn3-up.png":{"x":599,"y":227,"w":300,"h":110,"offX":0,"offY":0,"sourceW":300,"sourceH":110},"btn3-down.png":{"x":0,"y":287,"w":300,"h":106,"offX":0,"offY":4,"sourceW":300,"sourceH":110},"default_portrait.png":{"x":780,"y":0,"w":100,"h":100,"offX":0,"offY":0,"sourceW":100,"sourceH":100},"default_ball.png":{"x":882,"y":0,"w":96,"h":96,"offX":0,"offY":0,"sourceW":96,"sourceH":96},"loading.png":{"x":882,"y":98,"w":72,"h":71,"offX":0,"offY":0,"sourceW":72,"sourceH":72},"loading_indicator.png":{"x":956,"y":98,"w":66,"h":67,"offX":0,"offY":0,"sourceW":66,"sourceH":67},"notify.png":{"x":780,"y":102,"w":50,"h":50,"offX":0,"offY":0,"sourceW":50,"sourceH":50},"icon-play-yellow.png":{"x":980,"y":0,"w":42,"h":47,"offX":0,"offY":0,"sourceW":42,"sourceH":47},"icon-play-white.png":{"x":980,"y":49,"w":42,"h":47,"offX":0,"offY":0,"sourceW":42,"sourceH":47}},"file":"common-0sheet.png"}