{"frames":{"end-pop-bg.png":{"x":0,"y":0,"w":529,"h":455,"offX":0,"offY":0,"sourceW":529,"sourceH":456},"end-podium.png":{"x":531,"y":0,"w":448,"h":269,"offX":0,"offY":0,"sourceW":448,"sourceH":269},"end-btn-green.png":{"x":531,"y":271,"w":342,"h":125,"offX":0,"offY":0,"sourceW":342,"sourceH":126},"end-btn-green-down.png":{"x":531,"y":398,"w":342,"h":122,"offX":0,"offY":3,"sourceW":342,"sourceH":126},"end-portrait.png":{"x":875,"y":271,"w":118,"h":118,"offX":0,"offY":0,"sourceW":118,"sourceH":118},"end-portrait-mask.png":{"x":875,"y":391,"w":110,"h":110,"offX":4,"offY":4,"sourceW":118,"sourceH":118},"end-crown.png":{"x":0,"y":457,"w":105,"h":94,"offX":0,"offY":0,"sourceW":105,"sourceH":94},"end-star-bg.png":{"x":107,"y":457,"w":158,"h":51,"offX":0,"offY":0,"sourceW":158,"sourceH":51},"end-btn-home.png":{"x":267,"y":457,"w":84,"h":94,"offX":0,"offY":0,"sourceW":84,"sourceH":94},"end-btn-home-down.png":{"x":353,"y":457,"w":84,"h":91,"offX":0,"offY":3,"sourceW":84,"sourceH":94},"end-icon-pk.png":{"x":439,"y":457,"w":56,"h":56,"offX":0,"offY":0,"sourceW":56,"sourceH":56},"end-icon-close.png":{"x":981,"y":0,"w":41,"h":41,"offX":0,"offY":0,"sourceW":41,"sourceH":41}},"file":"end-0sheet.png"}