{"frames":{"game-bg-recommend.png":{"x":0,"y":0,"w":364,"h":360,"offX":0,"offY":0,"sourceW":364,"sourceH":360},"game_notice.png":{"x":366,"y":0,"w":640,"h":191,"offX":0,"offY":0,"sourceW":640,"sourceH":191},"revive-icon-green.png":{"x":366,"y":193,"w":343,"h":343,"offX":0,"offY":0,"sourceW":343,"sourceH":343},"revive-icon-black.png":{"x":711,"y":193,"w":301,"h":301,"offX":0,"offY":0,"sourceW":301,"sourceH":308},"LOGO.png":{"x":0,"y":538,"w":539,"h":165,"offX":0,"offY":0,"sourceW":539,"sourceH":165},"revive-icon-revive.png":{"x":711,"y":496,"w":286,"h":286,"offX":0,"offY":0,"sourceW":286,"sourceH":286},"game-icon-try.png":{"x":0,"y":362,"w":207,"h":84,"offX":0,"offY":0,"sourceW":207,"sourceH":84},"game-icon-try-down.png":{"x":0,"y":448,"w":207,"h":82,"offX":0,"offY":2,"sourceW":207,"sourceH":84},"game_headbg.png":{"x":209,"y":362,"w":110,"h":111,"offX":0,"offY":0,"sourceW":110,"sourceH":111},"game-swipe-bar.png":{"x":0,"y":705,"w":426,"h":26,"offX":0,"offY":0,"sourceW":426,"sourceH":26},"game-progressbar-black.png":{"x":0,"y":733,"w":441,"h":22,"offX":0,"offY":1,"sourceW":441,"sourceH":23},"game-finger.png":{"x":541,"y":538,"w":64,"h":97,"offX":0,"offY":0,"sourceW":64,"sourceH":97},"game-progressbar-yellow.png":{"x":0,"y":757,"w":435,"h":11,"offX":3,"offY":4,"sourceW":441,"sourceH":23},"game-icon-close.png":{"x":607,"y":538,"w":64,"h":73,"offX":0,"offY":0,"sourceW":64,"sourceH":73},"game-icon-close-down.png":{"x":607,"y":613,"w":64,"h":71,"offX":0,"offY":2,"sourceW":64,"sourceH":73},"game-flag.png":{"x":321,"y":362,"w":33,"h":37,"offX":0,"offY":0,"sourceW":33,"sourceH":37},"revive-icon-ad.png":{"x":321,"y":401,"w":31,"h":34,"offX":0,"offY":0,"sourceW":31,"sourceH":34},"game-wheel.png":{"x":321,"y":437,"w":26,"h":25,"offX":0,"offY":0,"sourceW":26,"sourceH":25}},"file":"game-0sheet.png"}