{"frames":{"match-bg.png":{"x":0,"y":0,"w":537,"h":385,"offX":0,"offY":0,"sourceW":537,"sourceH":385},"home-logo.png":{"x":0,"y":387,"w":517,"h":303,"offX":0,"offY":0,"sourceW":518,"sourceH":303},"head_bg.png":{"x":0,"y":692,"w":640,"h":243,"offX":0,"offY":0,"sourceW":640,"sourceH":243},"game_btn_continue.png":{"x":539,"y":0,"w":463,"h":119,"offX":0,"offY":0,"sourceW":463,"sourceH":119},"game_begin2_down.png":{"x":539,"y":121,"w":463,"h":119,"offX":0,"offY":0,"sourceW":463,"sourceH":119},"game_btn_continue_down.png":{"x":539,"y":242,"w":463,"h":119,"offX":0,"offY":0,"sourceW":463,"sourceH":119},"game_begin2.png":{"x":539,"y":363,"w":463,"h":119,"offX":0,"offY":0,"sourceW":463,"sourceH":119},"head_marge.png":{"x":519,"y":484,"w":181,"h":182,"offX":0,"offY":0,"sourceW":181,"sourceH":182},"match-progressbar_yellow.png":{"x":0,"y":937,"w":520,"h":55,"offX":0,"offY":0,"sourceW":520,"sourceH":55},"head_circle.png":{"x":702,"y":484,"w":149,"h":150,"offX":0,"offY":0,"sourceW":149,"sourceH":150},"home-btn-skin.png":{"x":853,"y":484,"w":137,"h":108,"offX":0,"offY":0,"sourceW":137,"sourceH":108},"home-btn-rare.png":{"x":853,"y":594,"w":137,"h":108,"offX":0,"offY":0,"sourceW":137,"sourceH":108},"home-btn-rank.png":{"x":702,"y":636,"w":137,"h":108,"offX":0,"offY":0,"sourceW":137,"sourceH":108},"home-btn-skin-down.png":{"x":841,"y":704,"w":127,"h":98,"offX":0,"offY":0,"sourceW":127,"sourceH":98},"home-btn-rare-down.png":{"x":642,"y":746,"w":127,"h":98,"offX":0,"offY":0,"sourceW":127,"sourceH":98},"home-btn-rank-down.png":{"x":771,"y":804,"w":127,"h":98,"offX":0,"offY":0,"sourceW":127,"sourceH":98},"home-btn-game.png":{"x":900,"y":804,"w":105,"h":110,"offX":0,"offY":0,"sourceW":105,"sourceH":110},"home-btn-game-bg.png":{"x":642,"y":846,"w":105,"h":110,"offX":0,"offY":0,"sourceW":105,"sourceH":110},"game_begin1_down.png":{"x":749,"y":904,"w":121,"h":95,"offX":0,"offY":0,"sourceW":121,"sourceH":95},"game_begin1.png":{"x":872,"y":916,"w":121,"h":95,"offX":0,"offY":0,"sourceW":121,"sourceH":95},"home-star-bg.png":{"x":522,"y":958,"w":166,"h":50,"offX":0,"offY":0,"sourceW":166,"sourceH":50},"home-btn-audio-on.png":{"x":642,"y":668,"w":55,"h":55,"offX":0,"offY":0,"sourceW":55,"sourceH":55},"home-btn-audio-off.png":{"x":771,"y":746,"w":55,"h":55,"offX":0,"offY":0,"sourceW":55,"sourceH":55},"home-star.png":{"x":970,"y":704,"w":41,"h":39,"offX":0,"offY":0,"sourceW":41,"sourceH":39}},"file":"home-0sheet.png"}