{"frames":{"home_logo.png":{"x":0,"y":0,"w":539,"h":165,"offX":0,"offY":0,"sourceW":539,"sourceH":165},"match-progressbar_black.png":{"x":0,"y":167,"w":520,"h":55,"offX":0,"offY":0,"sourceW":520,"sourceH":55},"home-btn-game-mask.png":{"x":541,"y":0,"w":105,"h":105,"offX":0,"offY":0,"sourceW":105,"sourceH":110},"match-portrait-bg.png":{"x":648,"y":0,"w":87,"h":92,"offX":0,"offY":0,"sourceW":87,"sourceH":92},"game_btn_no.png":{"x":737,"y":0,"w":234,"h":33,"offX":0,"offY":0,"sourceW":234,"sourceH":33},"game_btn_no_down.png":{"x":737,"y":35,"w":234,"h":33,"offX":0,"offY":0,"sourceW":234,"sourceH":33},"match-portrait-mask.png":{"x":737,"y":70,"w":87,"h":87,"offX":0,"offY":0,"sourceW":87,"sourceH":87},"home-icon-rare.png":{"x":826,"y":70,"w":91,"h":73,"offX":0,"offY":0,"sourceW":91,"sourceH":73}},"file":"home-1sheet.png"}