{"frames":{"invite-skin-bg.png":{"x":0,"y":0,"w":348,"h":347,"offX":1,"offY":1,"sourceW":350,"sourceH":350},"invite-btn.png":{"x":350,"y":0,"w":300,"h":110,"offX":0,"offY":0,"sourceW":300,"sourceH":110},"invite-btn-down.png":{"x":652,"y":0,"w":300,"h":107,"offX":0,"offY":3,"sourceW":300,"sourceH":110},"invite-portrait.png":{"x":652,"y":109,"w":113,"h":117,"offX":0,"offY":0,"sourceW":113,"sourceH":117},"invite-portrait-mask.png":{"x":767,"y":109,"w":113,"h":112,"offX":0,"offY":0,"sourceW":113,"sourceH":117},"invite-mask-ball.png":{"x":882,"y":109,"w":96,"h":96,"offX":0,"offY":0,"sourceW":96,"sourceH":96},"invite-icon-friend.png":{"x":954,"y":0,"w":45,"h":51,"offX":0,"offY":0,"sourceW":45,"sourceH":51}},"file":"invite-0sheet.png"}