{"frames":{"rank_bg_1.png":{"x":0,"y":0,"w":602,"h":98,"offX":0,"offY":0,"sourceW":602,"sourceH":98},"end_btn_invite_down.png":{"x":0,"y":100,"w":463,"h":119,"offX":0,"offY":0,"sourceW":463,"sourceH":119},"end_btn_invite.png":{"x":465,"y":100,"w":463,"h":119,"offX":0,"offY":0,"sourceW":463,"sourceH":119},"rank-bar-personal.png":{"x":0,"y":221,"w":581,"h":74,"offX":0,"offY":0,"sourceW":581,"sourceH":74},"rank-bar-champion.png":{"x":0,"y":297,"w":581,"h":74,"offX":0,"offY":0,"sourceW":581,"sourceH":74},"rank-portrait-rank1.png":{"x":604,"y":0,"w":64,"h":63,"offX":0,"offY":0,"sourceW":64,"sourceH":63},"rank-mask-portrait.png":{"x":670,"y":0,"w":58,"h":57,"offX":3,"offY":3,"sourceW":64,"sourceH":63}},"file":"rank-1sheet.png"}