{"frames":{"rank_background.png":{"x":0,"y":0,"w":640,"h":645,"offX":0,"offY":0,"sourceW":640,"sourceH":645},"rank_champion_head.png":{"x":0,"y":647,"w":381,"h":217,"offX":0,"offY":0,"sourceW":381,"sourceH":217},"rank_bg_4.png":{"x":383,"y":647,"w":602,"h":98,"offX":0,"offY":0,"sourceW":602,"sourceH":98},"rank_bg_3.png":{"x":383,"y":747,"w":602,"h":98,"offX":0,"offY":0,"sourceW":602,"sourceH":98},"rank_bg_2.png":{"x":383,"y":847,"w":602,"h":98,"offX":0,"offY":0,"sourceW":602,"sourceH":98},"rank-icon-champion.png":{"x":642,"y":0,"w":249,"h":223,"offX":1,"offY":1,"sourceW":250,"sourceH":224},"rank-bar-unnamed.png":{"x":0,"y":947,"w":581,"h":74,"offX":0,"offY":0,"sourceW":581,"sourceH":74},"rank-tab-world.png":{"x":642,"y":225,"w":379,"h":60,"offX":0,"offY":0,"sourceW":379,"sourceH":60},"rank-tab-friend.png":{"x":642,"y":287,"w":379,"h":60,"offX":0,"offY":0,"sourceW":379,"sourceH":60},"rank_headBg_mask.png":{"x":642,"y":349,"w":149,"h":150,"offX":0,"offY":0,"sourceW":149,"sourceH":150},"rank_champion_bar.png":{"x":642,"y":501,"w":294,"h":65,"offX":0,"offY":0,"sourceW":294,"sourceH":65},"rank-mask-champion.png":{"x":793,"y":349,"w":139,"h":132,"offX":0,"offY":0,"sourceW":139,"sourceH":132},"return_main_down.png":{"x":893,"y":0,"w":121,"h":95,"offX":0,"offY":0,"sourceW":121,"sourceH":95},"return_main.png":{"x":893,"y":97,"w":121,"h":95,"offX":0,"offY":0,"sourceW":121,"sourceH":95},"rank_btn_share.png":{"x":642,"y":568,"w":110,"h":55,"offX":0,"offY":0,"sourceW":110,"sourceH":55},"rank_btn_play.png":{"x":754,"y":568,"w":110,"h":55,"offX":0,"offY":0,"sourceW":110,"sourceH":55},"rank_btn_share_down.png":{"x":866,"y":568,"w":111,"h":54,"offX":0,"offY":0,"sourceW":111,"sourceH":54},"rank_btn_play_down.png":{"x":0,"y":866,"w":111,"h":54,"offX":0,"offY":0,"sourceW":111,"sourceH":54},"rank_hmerge_4.png":{"x":934,"y":349,"w":70,"h":69,"offX":0,"offY":0,"sourceW":70,"sourceH":69},"rank_hmerge_3.png":{"x":934,"y":420,"w":70,"h":69,"offX":0,"offY":0,"sourceW":70,"sourceH":69},"rank_hmerge_2.png":{"x":938,"y":491,"w":70,"h":69,"offX":0,"offY":0,"sourceW":70,"sourceH":69},"rank_hmerge_1.png":{"x":113,"y":866,"w":70,"h":69,"offX":0,"offY":0,"sourceW":70,"sourceH":69},"rank-btn-share.png":{"x":185,"y":866,"w":88,"h":48,"offX":0,"offY":0,"sourceW":88,"sourceH":48},"rank-btn-play.png":{"x":275,"y":866,"w":88,"h":48,"offX":0,"offY":0,"sourceW":88,"sourceH":48},"rank-btn-share-down.png":{"x":583,"y":947,"w":88,"h":47,"offX":0,"offY":1,"sourceW":88,"sourceH":48},"rank-btn-play-down.png":{"x":673,"y":947,"w":88,"h":46,"offX":0,"offY":2,"sourceW":88,"sourceH":48},"rank-portrait-rankn.png":{"x":763,"y":947,"w":64,"h":63,"offX":0,"offY":0,"sourceW":64,"sourceH":63},"rank-portrait-rank3.png":{"x":829,"y":947,"w":64,"h":63,"offX":0,"offY":0,"sourceW":64,"sourceH":63},"rank-portrait-rank2.png":{"x":895,"y":947,"w":64,"h":63,"offX":0,"offY":0,"sourceW":64,"sourceH":63},"rank_hbg.png":{"x":961,"y":947,"w":60,"h":59,"offX":0,"offY":0,"sourceW":60,"sourceH":59},"rank-icon-invite.png":{"x":979,"y":562,"w":41,"h":34,"offX":0,"offY":0,"sourceW":41,"sourceH":34},"rank-rankn.png":{"x":893,"y":194,"w":30,"h":29,"offX":0,"offY":0,"sourceW":30,"sourceH":30},"rank-rank3.png":{"x":925,"y":194,"w":30,"h":29,"offX":0,"offY":0,"sourceW":30,"sourceH":30},"rank-rank2.png":{"x":957,"y":194,"w":30,"h":29,"offX":0,"offY":0,"sourceW":30,"sourceH":30},"rank-rank1.png":{"x":989,"y":194,"w":30,"h":29,"offX":0,"offY":0,"sourceW":30,"sourceH":30}},"file":"rank-0sheet.png"}