{"frames":{"result-head.png":{"x":0,"y":0,"w":134,"h":134,"offX":0,"offY":0,"sourceW":134,"sourceH":134},"result-head-mask.png":{"x":136,"y":0,"w":123,"h":123,"offX":0,"offY":0,"sourceW":123,"sourceH":123},"result-name-bg.png":{"x":261,"y":0,"w":233,"h":61,"offX":0,"offY":0,"sourceW":233,"sourceH":61},"share-common-head-bg.png":{"x":496,"y":0,"w":114,"h":114,"offX":0,"offY":0,"sourceW":114,"sourceH":114},"share-common-head.png":{"x":612,"y":0,"w":105,"h":105,"offX":4,"offY":4,"sourceW":114,"sourceH":114},"share-common-point.png":{"x":719,"y":0,"w":30,"h":30,"offX":0,"offY":0,"sourceW":30,"sourceH":30}},"file":"share-0sheet.png"}