{"frames":{"skin_bg2.png":{"x":0,"y":0,"w":640,"h":708,"offX":0,"offY":0,"sourceW":640,"sourceH":708},"skin_exmerage.png":{"x":0,"y":710,"w":408,"h":119,"offX":0,"offY":0,"sourceW":408,"sourceH":119},"skin_btn_movie.png":{"x":642,"y":0,"w":324,"h":119,"offX":0,"offY":0,"sourceW":324,"sourceH":119},"skin_btn_invite.png":{"x":642,"y":121,"w":324,"h":119,"offX":0,"offY":0,"sourceW":324,"sourceH":119},"skin-btn-play.png":{"x":642,"y":242,"w":324,"h":119,"offX":0,"offY":0,"sourceW":324,"sourceH":119},"skin-btn-play-down.png":{"x":642,"y":363,"w":324,"h":119,"offX":0,"offY":0,"sourceW":324,"sourceH":119},"skin_exbg.png":{"x":410,"y":710,"w":383,"h":94,"offX":0,"offY":0,"sourceW":383,"sourceH":94},"skin-selected.png":{"x":642,"y":484,"w":155,"h":154,"offX":0,"offY":0,"sourceW":155,"sourceH":154},"skin_marge.png":{"x":799,"y":484,"w":154,"h":154,"offX":0,"offY":0,"sourceW":154,"sourceH":154},"skin-tab-video.png":{"x":642,"y":640,"w":379,"h":60,"offX":0,"offY":0,"sourceW":379,"sourceH":60},"skin-tab-star.png":{"x":410,"y":806,"w":379,"h":60,"offX":0,"offY":0,"sourceW":379,"sourceH":60},"skin_bg1.png":{"x":795,"y":702,"w":146,"h":150,"offX":0,"offY":0,"sourceW":146,"sourceH":150},"skin-bg.png":{"x":0,"y":831,"w":144,"h":151,"offX":0,"offY":0,"sourceW":145,"sourceH":151},"skin_unget.png":{"x":146,"y":831,"w":144,"h":144,"offX":0,"offY":0,"sourceW":144,"sourceH":144},"skin-bg-unlocked.png":{"x":791,"y":854,"w":144,"h":144,"offX":0,"offY":0,"sourceW":145,"sourceH":151},"skin-icon-star.png":{"x":968,"y":0,"w":47,"h":43,"offX":0,"offY":0,"sourceW":47,"sourceH":43},"skin-icon-ad.png":{"x":968,"y":45,"w":31,"h":34,"offX":0,"offY":0,"sourceW":31,"sourceH":34},"nextpage2.png":{"x":1001,"y":45,"w":18,"h":18,"offX":0,"offY":0,"sourceW":18,"sourceH":18},"nextpage1.png":{"x":1001,"y":65,"w":18,"h":18,"offX":0,"offY":0,"sourceW":18,"sourceH":18},"skin-point-white.png":{"x":968,"y":81,"w":14,"h":14,"offX":0,"offY":0,"sourceW":14,"sourceH":14},"skin-point-black.png":{"x":984,"y":81,"w":14,"h":14,"offX":0,"offY":0,"sourceW":14,"sourceH":14}},"file":"skin-0sheet.png"}