{"groups":[{"keys":"bgm.mp3,boost.mp3,click.mp3,die-others.mp3,die-player.mp3","name":"audio"},{"keys":"btn-friendly-down.png,btn-friendly.png,btn-single-down.png,btn-single.png,btn3-down.png,btn3-up.png,default_ball.png,default_portrait.png,icon-play-white.png,icon-play-yellow.png,loading.png,loading_indicator.png,notify.png,toast_bg.png","name":"common"},{"keys":"end-btn-green-down.png,end-btn-green.png,end-btn-home-down.png,end-btn-home.png,end-crown.png,end-icon-close.png,end-icon-pk.png,end-podium.png,end-pop-bg.png,end-portrait-mask.png,end-portrait.png,end-star-bg.png,example_end.jpg","name":"end"},{"keys":"LOGO.png,game-bg-recommend.png,game-finger.png,game-flag.png,game-icon-close-down.png,game-icon-close.png,game-icon-try-down.png,game-icon-try.png,game-progressbar-black.png,game-progressbar-yellow.png,game-swipe-bar.png,game-wheel.png,game_begin1.png,game_begin2.png,game_btn_continue_down.png,game_btn_no_down.png,game_headbg.png,game_notice.png,relife_example.jpg,revive-icon-ad.png,revive-icon-black.png,revive-icon-green.png,revive-icon-revive.png","name":"game"},{"keys":"game_begin1.png,game_begin1_down.png,game_begin2.png,game_begin2_down.png,game_btn_continue.png,game_btn_continue_down.png,game_btn_no.png,game_btn_no_down.png,head_bg.png,head_circle.png,head_marge.png,home-btn-audio-off.png,home-btn-audio-on.png,home-btn-game-bg.png,home-btn-game-mask.png,home-btn-game.png,home-btn-rank-down.png,home-btn-rank.png,home-btn-rare-down.png,home-btn-rare.png,home-btn-skin-down.png,home-btn-skin.png,home-icon-rare.png,home-logo.png,home-star-bg.png,home-star.png,home_backgroundtem.jpg,home_bg.png,home_logo.png,match-bg.png,match-portrait-bg.png,match-portrait-mask.png,match-progressbar_black.png,match-progressbar_yellow.png","name":"home"},{"keys":"invite-btn-down.png,invite-btn.png,invite-icon-friend.png,invite-mask-ball.png,invite-portrait-mask.png,invite-portrait.png,invite-skin-bg.png","name":"invite"},{"keys":"result-head-mask.png,result-head.png,result-name-bg.png,share-common-head-bg.png,share-common-head.png,share-common-point.png","name":"share"},{"keys":"end_btn_invite.png,end_btn_invite_down.png,rank-bar-champion.png,rank-bar-personal.png,rank-bar-unnamed.png,rank-btn-play-down.png,rank-btn-play.png,rank-btn-share-down.png,rank-btn-share.png,rank-icon-champion.png,rank-icon-invite.png,rank-mask-champion.png,rank-mask-portrait.png,rank-portrait-rank1.png,rank-portrait-rank2.png,rank-portrait-rank3.png,rank-portrait-rankn.png,rank-rank1.png,rank-rank2.png,rank-rank3.png,rank-rankn.png,rank-tab-friend.png,rank-tab-world.png,rank_background.png,rank_bg_1.png,rank_bg_2.png,rank_bg_3.png,rank_bg_4.png,rank_btn_play.png,rank_btn_play_down.png,rank_btn_share.png,rank_btn_share_down.png,rank_champion_bar.png,rank_champion_head.png,rank_example.jpg,rank_hbg.png,rank_headBg_mask.png,rank_hmerge_1.png,rank_hmerge_2.png,rank_hmerge_3.png,rank_hmerge_4.png,return_main.png,return_main_down.png","name":"rank"},{"keys":"common-share1.jpg,common-share2.jpg,common-share3.jpg,result-share.jpg","name":"shareLazy"},{"keys":"nextpage1.png,nextpage2.png,skin-bg-unlocked.png,skin-bg.png,skin-btn-play-down.png,skin-btn-play.png,skin-icon-ad.png,skin-icon-star.png,skin-point-black.png,skin-point-white.png,skin-selected.png,skin-tab-star.png,skin-tab-video.png,skin_bg1.png,skin_bg2.png,skin_btn_invite.png,skin_btn_movie.png,skin_example.jpg,skin_example1.jpg,skin_exbg.png,skin_exmerage.png,skin_marge.png,skin_unget.png","name":"skin"},{"keys":"tietu.jpg,finish.png,fx-boost.png,fx-die1.png,fx-die2.png,lane_chushi.jpg,lane_kehuan.jpg,lane_shamo.jpg,player-trail.png,shadow.png,wind-trail.png,ball.jpg,ball_jinqiaqiu_1.jpg,thumb_baiqiu.png,thumb_bangqiu.png,thumb_caihuaqiu.png,thumb_dituqiu.png,thumb_faguoqiu.png,thumb_fenhuaqiu.png,thumb_gaoerfuqiu.png,thumb_gouqiu.png,thumb_guoqijiheqiu.png,thumb_hei8qiu.png,thumb_hetunqiu.png,thumb_huabanqiu.png,thumb_jinglingqiu.png,thumb_jinqiaqiu.png,thumb_langxianqiu.png,thumb_lanqiu.png,thumb_lv6.png,thumb_maoqiu.png,thumb_paiqiu.png,thumb_qieqiu.png,thumb_shandianqiu.png,thumb_tiaowenqiu.png,thumb_wangqiu.png,thumb_xianqiu.png,thumb_xiaojiqiu.png,thumb_xiaolianqiu.png,thumb_xiguaqiu.png,thumb_yingguoqiu.png,thumb_yuanquanqiu.png,thumb_zhangyuqiu.png,thumb_zhuqiu.png,thumb_zi12qiu.png,thumb_zuqiu.png,tietu_bangqiu_7.jpg,tietu_caihuaqiu_7.jpg,tietu_dituqiu_3.jpg,tietu_faguoqiu_7.jpg,tietu_fenhuaqiu_7.jpg,tietu_fuhuoqiu.jpg,tietu_gaoerfuqiu_2.jpg,tietu_gouqiu_4.jpg,tietu_guoqijiheqiu_6.jpg,tietu_hei8qiu_7.jpg,tietu_hetunqiu_4.jpg,tietu_huabanqiu_1.jpg,tietu_jinglingqiu_7.jpg,tietu_langxianqiu_1.jpg,tietu_lanqiu_7.jpg,tietu_lv6_7.jpg,tietu_maoqiu_4.jpg,tietu_paiqiu_5.jpg,tietu_qieqiu_4.jpg,tietu_shandianqiu_2.jpg,tietu_tiaowenqiu_7.jpg,tietu_wangqiu_7.jpg,tietu_xianqiu_2.jpg,tietu_xiaojiqiu_4.jpg,tietu_xiaolianqiu_1.jpg,tietu_xiguaqiu_7.jpg,tietu_yingguoqiu_7.jpg,tietu_yuanquanqiu_1.jpg,tietu_zhangyuqiu_1.jpg,tietu_zhuqiu_4.jpg,tietu_zi12qiu_7.jpg,tietu_zuqiu_6.jpg,12873807239768114429.jpg,12873807240435423481.jpg,12873807240776763352.jpg,128738072408598095.jpg,12873807240861801108.jpg,12873807240930551659.jpg,12873807244186767951.jpg,12873807244503005986.jpg,1287380762309281870.jpg,12873807625836802593.jpg,12873807629610990460.jpg,12873807630516661489.jpg,12873807635614673166.jpg,12873807637813317215.jpg,1287380763830957071.jpg,12873807640375008459.jpg,12873807640988008530.jpg,12873807648877863745.jpg,12873807661674639787.jpg,12873807665405843247.jpg,12873807666510277310.jpg,12873807671196531287.jpg,12873807671375975599.jpg,12873807673192445406.jpg,12873807673745136762.jpg,12873807677283737495.jpg,12873807680319636729.jpg,12873807683953360369.jpg,1287380768823424091.jpg,1287380769126249911.jpg,12873807695514329969.jpg,12873807696194582191.jpg,1287380770152956792.jpg,12873807701929107102.jpg,12873807708559382464.jpg,12873807709363232214.jpg,12873807713388486784.jpg,12873807715931590820.jpg,12873807717718809859.jpg,12873807720309413382.jpg,12873807726211179828.jpg,1287380772905559689.jpg,12873807729887415318.jpg,12873807733147262225.jpg,12873807738513456451.jpg,12873807745337378751.jpg,12873807746098185290.jpg,12873807753363133131.jpg,12873807754158449510.jpg,12873807756687574144.jpg,12873807757118511503.jpg,12873807760171350779.jpg,1287380776349996151.jpg,12873807763999842615.jpg,12873807765486291412.jpg,12873807769030182540.jpg,1287380777193049950.jpg,12873807772727564467.jpg,1287380778385021886.jpg,1287380778390732511.jpg,1287380778538688847.jpg,12873807786902885203.jpg,12873807791154570388.jpg,12873807793050163526.jpg,12873807793986735936.jpg,12873807796529074518.jpg,12873807797349963332.jpg,12873807806326929395.jpg,12873807809320310599.jpg,12873807810450779784.jpg,12873807811732595392.jpg,12873807812583527703.jpg,12873807817788965843.jpg,12873807818352929488.jpg,12873807821550702847.jpg,12873807821896125388.jpg,12873807822934102730.jpg,12873807823479991477.jpg,12873807823916943371.jpg,12873807831271634422.jpg,12873807835132844885.jpg,12873807836953712979.jpg,12873807843213211849.jpg,12873807848387102599.jpg,12873807857151225410.jpg,12873807901259010928.jpg,12873807901285522150.jpg,12873807901319199959.jpg,12873807901337286342.jpg,12873807901433363353.jpg,12873807901539010631.jpg,12873807901664586660.jpg,1287380790185934210.jpg,12873807902128599521.jpg,12873807902323985877.jpg,12873807928430500565.jpg,12873807928538209986.jpg,12873807928656038666.jpg,12873807930027004791.jpg,12873807941625197781.jpg,12873807942249465432.jpg,12873807943996558346.jpg,12873807944723442509.jpg,12873807950601825212.jpg,12873807954162459761.jpg,12873807954643726720.jpg,12873807955510905985.jpg,12873807959512924672.jpg,1287380796590622514.jpg,12873807966654441267.jpg,12873807968365019458.jpg,12873807971471896325.jpg,12873807977146108855.jpg,12873807977711485787.jpg,12873807979520237930.jpg,12873807981464085422.jpg,12873807992419328737.jpg,12873807994673687259.jpg,12873807995640323281.jpg,1287380800115760248.jpg,12873808002138025180.jpg,12873808004370785580.jpg,12873808006743628910.jpg,12873808008320295297.jpg,12873808010540941287.jpg,12873808016203612259.jpg,12873808017524465636.jpg,12873808019778294890.jpg,1287380802275841926.jpg,12873808028806843331.jpg,12873808029810109191.jpg,1287380803142411231.jpg,12873808037412007177.jpg,12873808039972897415.jpg,12873808057678697634.jpg,12873808057902227579.jpg,12873808058000350469.jpg,1287380805835361782.jpg,12873808058473336255.jpg,1287380805894650269.jpg,12873808059388386520.jpg,12873808062241766114.jpg,12873808065144734102.jpg,12873808066547751863.jpg,12873808066682812198.jpg,12873808082987259875.jpg,12873808083148812684.jpg,12873808083414156809.jpg,12873808084401624209.jpg,12873808084722415818.jpg,12873808085185925959.jpg,12873808089780655152.jpg,12873808092314217345.jpg,12873808104514807179.jpg,1287380810819857159.jpg,12873808111026838317.jpg,1287380811145688944.jpg,1287380811197376289.jpg,12873808114630688329.jpg,12873808117652910436.jpg,12873808129408177234.jpg,12873808130802458833.jpg,12873808130845012896.jpg,12873808132933192612.jpg,12873808132953043842.jpg,12873808136346033839.jpg,12873808137806201538.jpg,12873808139012302892.jpg,12873808140200267302.jpg,12873808143389393622.jpg,12873808147983393234.jpg,12873808160465548127.jpg,12873808168596984550.jpg,12873808171554091603.jpg,12873808200990569686.jpg,12873808201053987779.jpg,12873808201257220837.jpg,1287380820133179413.jpg,12873808201477568184.jpg,1287380820165243074.jpg,12873808225758434957.jpg,1287380822885539079.jpg,12873808232033319818.jpg,12873808239108342631.jpg,12873808250987123243.jpg,1287380825310223650.jpg,12873808253130965488.jpg,12873808256020121503.jpg,12873808259014510980.jpg,12873808260952016669.jpg,12873808264669220290.jpg,12873808266085333926.jpg,12873808275325719812.jpg,12873808279741072943.jpg,12873808282481740534.jpg,12873808287443278119.jpg,12873808291651969400.jpg,12873808293378070847.jpg,1287380829718955955.jpg,12873808300081312545.jpg,12873808304266442773.jpg,1287380830774220420.jpg,12873808312292835852.jpg,12873808312587832701.jpg,12873808318854920175.jpg,12873808320258328716.jpg,12873808322533846770.jpg,12873808326096281802.jpg,12873808328960611285.jpg,1287380833136671934.jpg,12873808338420947340.jpg,12873808343586118158.jpg,12873808344242876641.jpg,12873808346103254106.jpg,12873808346740708106.jpg,12873808348868475418.jpg,12873808373527248719.jpg,12873808386552077131.jpg,12873808389897313575.jpg,12873808400804311646.jpg,12873808403677021326.jpg,12873808404429866577.jpg,12873808406499982301.jpg,1287380841558893649.jpg,12873808424242033357.jpg,12873808424975844551.jpg,12873808426409903329.jpg,12873808428266454187.jpg,1287380843107702148.jpg,12873808462795487442.jpg,12873808491678634825.jpg,1287380849170386659.jpg,12873808491714431540.jpg,12873808491714485256.jpg,1287380849183776068.jpg,1287380849191929825.jpg,1287380849224300131.jpg,12873808492288334309.jpg,12873808515430713234.jpg,1287380851652332143.jpg,12873808524312810609.jpg,12873808526453141502.jpg,12873808542478828339.jpg,12873808542507979881.jpg,12873808555595253396.jpg,12873808559067031864.jpg,12873808565429292580.jpg,12873808566603310256.jpg,12873808567616854383.jpg,12873808567680174628.jpg,12873808571523587125.jpg,12873808582112493574.jpg,128738085849177584.jpg,12873808586555394165.jpg,12873808586586189822.jpg,12873808591275452601.jpg,1287380860313853428.jpg,128738086101438231000.jpg,12873808611270486201.jpg,12873808614642310678.jpg,12873808618607758654.jpg,12873808621415384608.jpg,1287380862774692043.jpg,12873808633950204779.jpg,12873808634663729939.jpg,12873808637892092156.jpg,12873808641757049386.jpg,1287380866017010876.jpg,12873808669098127761.jpg,12873808669330876994.jpg,12873808670620063711.jpg,12873808677212514809.jpg,12873808698418208712.jpg,12873808701405826263.jpg,1287380876854967741.jpg,12873808770055098836.jpg,1287380877005510111.jpg,12873808799317010630.jpg,128738087994496972.jpg,1287380879953755763.jpg,12873808799612617260.jpg,12873808799651857449.jpg,12873808799939117765.jpg,12873808799961487892.jpg,1287380882292231225.jpg,12873808823854020137.jpg,12873808824206267166.jpg,12873808830617101718.jpg,12873808833084298934.jpg,12873808833814912428.jpg,12873808835272715193.jpg,12873808852150773333.jpg,12873808854896220825.jpg,12873808856763612727.jpg,12873808857482558298.jpg,12873808860619504356.jpg,12873808861206734353.jpg,1287380886169405692.jpg,12873808869273837177.jpg,12873808870355916866.jpg,12873808878262280598.jpg,12873808881333077683.jpg,12873808882039435872.jpg,12873808885131896834.jpg,1287380888575844563.jpg,12873808903324045450.jpg,12873808907196419853.jpg,1287380890918380839.jpg,12873808912099707876.jpg,12873808912836431803.jpg,12873808918418401880.jpg,1287380891909050925.jpg,12873808929709808209.jpg,12873808935319090548.jpg,12873808936280551275.jpg,1287380893868905347.jpg,12873808942602798921.jpg,12873808943494787569.jpg,12873808957446817979.jpg,12873808961905390103.jpg,1287380896600784417.jpg,128738089675296439.jpg,12873808970804848224.jpg","name":"assets"}],"resources":[{"url":"default.thm.json","type":"json","name":"default.thm.json"},{"url":"eui_skins/BeforeEndView.exml","type":"text","name":"BeforeEndView.exml"},{"url":"eui_skins/ButtonSkin.exml","type":"text","name":"ButtonSkin.exml"},{"url":"eui_skins/ButtonSkinWhite.exml","type":"text","name":"ButtonSkinWhite.exml"},{"url":"eui_skins/ButtonSkinYellow.exml","type":"text","name":"ButtonSkinYellow.exml"},{"url":"eui_skins/CheckBoxSkin.exml","type":"text","name":"CheckBoxSkin.exml"},{"url":"eui_skins/CommonShareUI.exml","type":"text","name":"CommonShareUI.exml"},{"url":"eui_skins/EndView.exml","type":"text","name":"EndView.exml"},{"url":"eui_skins/FriendItemRender.exml","type":"text","name":"FriendItemRender.exml"},{"url":"eui_skins/FriendRankItemRender.exml","type":"text","name":"FriendRankItemRender.exml"},{"url":"eui_skins/GameView.exml","type":"text","name":"GameView.exml"},{"url":"eui_skins/HScrollBarSkin.exml","type":"text","name":"HScrollBarSkin.exml"},{"url":"eui_skins/HSliderSkin.exml","type":"text","name":"HSliderSkin.exml"},{"url":"eui_skins/HomeView.exml","type":"text","name":"HomeView.exml"},{"url":"eui_skins/IconButtonSkin.exml","type":"text","name":"IconButtonSkin.exml"},{"url":"eui_skins/InvitePortraitItemRender.exml","type":"text","name":"InvitePortraitItemRender.exml"},{"url":"eui_skins/InviteSkinItemRender.exml","type":"text","name":"InviteSkinItemRender.exml"},{"url":"eui_skins/InviteView.exml","type":"text","name":"InviteView.exml"},{"url":"eui_skins/ItemRendererSkin.exml","type":"text","name":"ItemRendererSkin.exml"},{"url":"eui_skins/LoadingView.exml","type":"text","name":"LoadingView.exml"},{"url":"eui_skins/MatchItemRender.exml","type":"text","name":"MatchItemRender.exml"},{"url":"eui_skins/MatchView.exml","type":"text","name":"MatchView.exml"},{"url":"eui_skins/PageIndicatorItemRender.exml","type":"text","name":"PageIndicatorItemRender.exml"},{"url":"eui_skins/PanelSkin.exml","type":"text","name":"PanelSkin.exml"},{"url":"eui_skins/ProgressBarSkin.exml","type":"text","name":"ProgressBarSkin.exml"},{"url":"eui_skins/RadioButtonSkin.exml","type":"text","name":"RadioButtonSkin.exml"},{"url":"eui_skins/RankItemRender.exml","type":"text","name":"RankItemRender.exml"},{"url":"eui_skins/RankView.exml","type":"text","name":"RankView.exml"},{"url":"eui_skins/ResultShareUI.exml","type":"text","name":"ResultShareUI.exml"},{"url":"eui_skins/ReviveView.exml","type":"text","name":"ReviveView.exml"},{"url":"eui_skins/ScrollerSkin.exml","type":"text","name":"ScrollerSkin.exml"},{"url":"eui_skins/SkinItemRender.exml","type":"text","name":"SkinItemRender.exml"},{"url":"eui_skins/SkinView.exml","type":"text","name":"SkinView.exml"},{"url":"eui_skins/TextInputSkin.exml","type":"text","name":"TextInputSkin.exml"},{"url":"eui_skins/Toast.exml","type":"text","name":"Toast.exml"},{"url":"eui_skins/ToggleSwitchSkin.exml","type":"text","name":"ToggleSwitchSkin.exml"},{"url":"eui_skins/VScrollBarSkin.exml","type":"text","name":"VScrollBarSkin.exml"},{"url":"eui_skins/VSliderSkin.exml","type":"text","name":"VSliderSkin.exml"},{"url":"eui_skins/WorldRankItemRender.exml","type":"text","name":"WorldRankItemRender.exml"},{"url":"UI/audio/bgm.mp3","type":"sound","name":"bgm.mp3"},{"url":"UI/audio/boost.mp3","type":"sound","name":"boost.mp3"},{"url":"UI/audio/click.mp3","type":"sound","name":"click.mp3"},{"url":"UI/audio/die-others.mp3","type":"sound","name":"die-others.mp3"},{"url":"UI/audio/die-player.mp3","type":"sound","name":"die-player.mp3"},{"url":"UI/end/example_end.jpg","type":"image","name":"example_end.jpg"},{"url":"UI/game/relife_example.jpg","type":"image","name":"relife_example.jpg"},{"url":"UI/home/home_backgroundtem.jpg","type":"image","name":"home_backgroundtem.jpg"},{"url":"UI/home/home_bg.png","type":"image","name":"home_bg.png"},{"url":"UI/rank/rank_example.jpg","type":"image","name":"rank_example.jpg"},{"url":"UI/shareLazy/common-share1.jpg","type":"image","name":"common-share1.jpg"},{"url":"UI/shareLazy/common-share2.jpg","type":"image","name":"common-share2.jpg"},{"url":"UI/shareLazy/common-share3.jpg","type":"image","name":"common-share3.jpg"},{"url":"UI/shareLazy/result-share.jpg","type":"image","name":"result-share.jpg"},{"url":"UI/skin/skin_example.jpg","type":"image","name":"skin_example.jpg"},{"url":"UI/skin/skin_example1.jpg","type":"image","name":"skin_example1.jpg"},{"url":"assets/fbx/tietu.jpg","type":"image","name":"tietu.jpg"},{"url":"assets/tex/finish.png","type":"image","name":"finish.png"},{"url":"assets/tex/fx-boost.png","type":"image","name":"fx-boost.png"},{"url":"assets/tex/fx-die1.png","type":"image","name":"fx-die1.png"},{"url":"assets/tex/fx-die2.png","type":"image","name":"fx-die2.png"},{"url":"assets/tex/lane_chushi.jpg","type":"image","name":"lane_chushi.jpg"},{"url":"assets/tex/lane_kehuan.jpg","type":"image","name":"lane_kehuan.jpg"},{"url":"assets/tex/lane_shamo.jpg","type":"image","name":"lane_shamo.jpg"},{"url":"assets/tex/player-trail.png","type":"image","name":"player-trail.png"},{"url":"assets/tex/shadow.png","type":"image","name":"shadow.png"},{"url":"assets/tex/wind-trail.png","type":"image","name":"wind-trail.png"},{"url":"assets/skin/ball.jpg","type":"image","name":"ball.jpg"},{"url":"assets/skin/ball_jinqiaqiu_1.jpg","type":"image","name":"ball_jinqiaqiu_1.jpg"},{"url":"assets/skin/thumb_baiqiu.png","type":"image","name":"thumb_baiqiu.png"},{"url":"assets/skin/thumb_bangqiu.png","type":"image","name":"thumb_bangqiu.png"},{"url":"assets/skin/thumb_caihuaqiu.png","type":"image","name":"thumb_caihuaqiu.png"},{"url":"assets/skin/thumb_dituqiu.png","type":"image","name":"thumb_dituqiu.png"},{"url":"assets/skin/thumb_faguoqiu.png","type":"image","name":"thumb_faguoqiu.png"},{"url":"assets/skin/thumb_fenhuaqiu.png","type":"image","name":"thumb_fenhuaqiu.png"},{"url":"assets/skin/thumb_gaoerfuqiu.png","type":"image","name":"thumb_gaoerfuqiu.png"},{"url":"assets/skin/thumb_gouqiu.png","type":"image","name":"thumb_gouqiu.png"},{"url":"assets/skin/thumb_guoqijiheqiu.png","type":"image","name":"thumb_guoqijiheqiu.png"},{"url":"assets/skin/thumb_hei8qiu.png","type":"image","name":"thumb_hei8qiu.png"},{"url":"assets/skin/thumb_hetunqiu.png","type":"image","name":"thumb_hetunqiu.png"},{"url":"assets/skin/thumb_huabanqiu.png","type":"image","name":"thumb_huabanqiu.png"},{"url":"assets/skin/thumb_jinglingqiu.png","type":"image","name":"thumb_jinglingqiu.png"},{"url":"assets/skin/thumb_jinqiaqiu.png","type":"image","name":"thumb_jinqiaqiu.png"},{"url":"assets/skin/thumb_langxianqiu.png","type":"image","name":"thumb_langxianqiu.png"},{"url":"assets/skin/thumb_lanqiu.png","type":"image","name":"thumb_lanqiu.png"},{"url":"assets/skin/thumb_lv6.png","type":"image","name":"thumb_lv6.png"},{"url":"assets/skin/thumb_maoqiu.png","type":"image","name":"thumb_maoqiu.png"},{"url":"assets/skin/thumb_paiqiu.png","type":"image","name":"thumb_paiqiu.png"},{"url":"assets/skin/thumb_qieqiu.png","type":"image","name":"thumb_qieqiu.png"},{"url":"assets/skin/thumb_shandianqiu.png","type":"image","name":"thumb_shandianqiu.png"},{"url":"assets/skin/thumb_tiaowenqiu.png","type":"image","name":"thumb_tiaowenqiu.png"},{"url":"assets/skin/thumb_wangqiu.png","type":"image","name":"thumb_wangqiu.png"},{"url":"assets/skin/thumb_xianqiu.png","type":"image","name":"thumb_xianqiu.png"},{"url":"assets/skin/thumb_xiaojiqiu.png","type":"image","name":"thumb_xiaojiqiu.png"},{"url":"assets/skin/thumb_xiaolianqiu.png","type":"image","name":"thumb_xiaolianqiu.png"},{"url":"assets/skin/thumb_xiguaqiu.png","type":"image","name":"thumb_xiguaqiu.png"},{"url":"assets/skin/thumb_yingguoqiu.png","type":"image","name":"thumb_yingguoqiu.png"},{"url":"assets/skin/thumb_yuanquanqiu.png","type":"image","name":"thumb_yuanquanqiu.png"},{"url":"assets/skin/thumb_zhangyuqiu.png","type":"image","name":"thumb_zhangyuqiu.png"},{"url":"assets/skin/thumb_zhuqiu.png","type":"image","name":"thumb_zhuqiu.png"},{"url":"assets/skin/thumb_zi12qiu.png","type":"image","name":"thumb_zi12qiu.png"},{"url":"assets/skin/thumb_zuqiu.png","type":"image","name":"thumb_zuqiu.png"},{"url":"assets/skin/tietu_bangqiu_7.jpg","type":"image","name":"tietu_bangqiu_7.jpg"},{"url":"assets/skin/tietu_caihuaqiu_7.jpg","type":"image","name":"tietu_caihuaqiu_7.jpg"},{"url":"assets/skin/tietu_dituqiu_3.jpg","type":"image","name":"tietu_dituqiu_3.jpg"},{"url":"assets/skin/tietu_faguoqiu_7.jpg","type":"image","name":"tietu_faguoqiu_7.jpg"},{"url":"assets/skin/tietu_fenhuaqiu_7.jpg","type":"image","name":"tietu_fenhuaqiu_7.jpg"},{"url":"assets/skin/tietu_fuhuoqiu.jpg","type":"image","name":"tietu_fuhuoqiu.jpg"},{"url":"assets/skin/tietu_gaoerfuqiu_2.jpg","type":"image","name":"tietu_gaoerfuqiu_2.jpg"},{"url":"assets/skin/tietu_gouqiu_4.jpg","type":"image","name":"tietu_gouqiu_4.jpg"},{"url":"assets/skin/tietu_guoqijiheqiu_6.jpg","type":"image","name":"tietu_guoqijiheqiu_6.jpg"},{"url":"assets/skin/tietu_hei8qiu_7.jpg","type":"image","name":"tietu_hei8qiu_7.jpg"},{"url":"assets/skin/tietu_hetunqiu_4.jpg","type":"image","name":"tietu_hetunqiu_4.jpg"},{"url":"assets/skin/tietu_huabanqiu_1.jpg","type":"image","name":"tietu_huabanqiu_1.jpg"},{"url":"assets/skin/tietu_jinglingqiu_7.jpg","type":"image","name":"tietu_jinglingqiu_7.jpg"},{"url":"assets/skin/tietu_langxianqiu_1.jpg","type":"image","name":"tietu_langxianqiu_1.jpg"},{"url":"assets/skin/tietu_lanqiu_7.jpg","type":"image","name":"tietu_lanqiu_7.jpg"},{"url":"assets/skin/tietu_lv6_7.jpg","type":"image","name":"tietu_lv6_7.jpg"},{"url":"assets/skin/tietu_maoqiu_4.jpg","type":"image","name":"tietu_maoqiu_4.jpg"},{"url":"assets/skin/tietu_paiqiu_5.jpg","type":"image","name":"tietu_paiqiu_5.jpg"},{"url":"assets/skin/tietu_qieqiu_4.jpg","type":"image","name":"tietu_qieqiu_4.jpg"},{"url":"assets/skin/tietu_shandianqiu_2.jpg","type":"image","name":"tietu_shandianqiu_2.jpg"},{"url":"assets/skin/tietu_tiaowenqiu_7.jpg","type":"image","name":"tietu_tiaowenqiu_7.jpg"},{"url":"assets/skin/tietu_wangqiu_7.jpg","type":"image","name":"tietu_wangqiu_7.jpg"},{"url":"assets/skin/tietu_xianqiu_2.jpg","type":"image","name":"tietu_xianqiu_2.jpg"},{"url":"assets/skin/tietu_xiaojiqiu_4.jpg","type":"image","name":"tietu_xiaojiqiu_4.jpg"},{"url":"assets/skin/tietu_xiaolianqiu_1.jpg","type":"image","name":"tietu_xiaolianqiu_1.jpg"},{"url":"assets/skin/tietu_xiguaqiu_7.jpg","type":"image","name":"tietu_xiguaqiu_7.jpg"},{"url":"assets/skin/tietu_yingguoqiu_7.jpg","type":"image","name":"tietu_yingguoqiu_7.jpg"},{"url":"assets/skin/tietu_yuanquanqiu_1.jpg","type":"image","name":"tietu_yuanquanqiu_1.jpg"},{"url":"assets/skin/tietu_zhangyuqiu_1.jpg","type":"image","name":"tietu_zhangyuqiu_1.jpg"},{"url":"assets/skin/tietu_zhuqiu_4.jpg","type":"image","name":"tietu_zhuqiu_4.jpg"},{"url":"assets/skin/tietu_zi12qiu_7.jpg","type":"image","name":"tietu_zi12qiu_7.jpg"},{"url":"assets/skin/tietu_zuqiu_6.jpg","type":"image","name":"tietu_zuqiu_6.jpg"},{"url":"assets/avatar/12873807239768114429.jpg","type":"image","name":"12873807239768114429.jpg"},{"url":"assets/avatar/12873807240435423481.jpg","type":"image","name":"12873807240435423481.jpg"},{"url":"assets/avatar/12873807240776763352.jpg","type":"image","name":"12873807240776763352.jpg"},{"url":"assets/avatar/128738072408598095.jpg","type":"image","name":"128738072408598095.jpg"},{"url":"assets/avatar/12873807240861801108.jpg","type":"image","name":"12873807240861801108.jpg"},{"url":"assets/avatar/12873807240930551659.jpg","type":"image","name":"12873807240930551659.jpg"},{"url":"assets/avatar/12873807244186767951.jpg","type":"image","name":"12873807244186767951.jpg"},{"url":"assets/avatar/12873807244503005986.jpg","type":"image","name":"12873807244503005986.jpg"},{"url":"assets/avatar/1287380762309281870.jpg","type":"image","name":"1287380762309281870.jpg"},{"url":"assets/avatar/12873807625836802593.jpg","type":"image","name":"12873807625836802593.jpg"},{"url":"assets/avatar/12873807629610990460.jpg","type":"image","name":"12873807629610990460.jpg"},{"url":"assets/avatar/12873807630516661489.jpg","type":"image","name":"12873807630516661489.jpg"},{"url":"assets/avatar/12873807635614673166.jpg","type":"image","name":"12873807635614673166.jpg"},{"url":"assets/avatar/12873807637813317215.jpg","type":"image","name":"12873807637813317215.jpg"},{"url":"assets/avatar/1287380763830957071.jpg","type":"image","name":"1287380763830957071.jpg"},{"url":"assets/avatar/12873807640375008459.jpg","type":"image","name":"12873807640375008459.jpg"},{"url":"assets/avatar/12873807640988008530.jpg","type":"image","name":"12873807640988008530.jpg"},{"url":"assets/avatar/12873807648877863745.jpg","type":"image","name":"12873807648877863745.jpg"},{"url":"assets/avatar/12873807661674639787.jpg","type":"image","name":"12873807661674639787.jpg"},{"url":"assets/avatar/12873807665405843247.jpg","type":"image","name":"12873807665405843247.jpg"},{"url":"assets/avatar/12873807666510277310.jpg","type":"image","name":"12873807666510277310.jpg"},{"url":"assets/avatar/12873807671196531287.jpg","type":"image","name":"12873807671196531287.jpg"},{"url":"assets/avatar/12873807671375975599.jpg","type":"image","name":"12873807671375975599.jpg"},{"url":"assets/avatar/12873807673192445406.jpg","type":"image","name":"12873807673192445406.jpg"},{"url":"assets/avatar/12873807673745136762.jpg","type":"image","name":"12873807673745136762.jpg"},{"url":"assets/avatar/12873807677283737495.jpg","type":"image","name":"12873807677283737495.jpg"},{"url":"assets/avatar/12873807680319636729.jpg","type":"image","name":"12873807680319636729.jpg"},{"url":"assets/avatar/12873807683953360369.jpg","type":"image","name":"12873807683953360369.jpg"},{"url":"assets/avatar/1287380768823424091.jpg","type":"image","name":"1287380768823424091.jpg"},{"url":"assets/avatar/1287380769126249911.jpg","type":"image","name":"1287380769126249911.jpg"},{"url":"assets/avatar/12873807695514329969.jpg","type":"image","name":"12873807695514329969.jpg"},{"url":"assets/avatar/12873807696194582191.jpg","type":"image","name":"12873807696194582191.jpg"},{"url":"assets/avatar/1287380770152956792.jpg","type":"image","name":"1287380770152956792.jpg"},{"url":"assets/avatar/12873807701929107102.jpg","type":"image","name":"12873807701929107102.jpg"},{"url":"assets/avatar/12873807708559382464.jpg","type":"image","name":"12873807708559382464.jpg"},{"url":"assets/avatar/12873807709363232214.jpg","type":"image","name":"12873807709363232214.jpg"},{"url":"assets/avatar/12873807713388486784.jpg","type":"image","name":"12873807713388486784.jpg"},{"url":"assets/avatar/12873807715931590820.jpg","type":"image","name":"12873807715931590820.jpg"},{"url":"assets/avatar/12873807717718809859.jpg","type":"image","name":"12873807717718809859.jpg"},{"url":"assets/avatar/12873807720309413382.jpg","type":"image","name":"12873807720309413382.jpg"},{"url":"assets/avatar/12873807726211179828.jpg","type":"image","name":"12873807726211179828.jpg"},{"url":"assets/avatar/1287380772905559689.jpg","type":"image","name":"1287380772905559689.jpg"},{"url":"assets/avatar/12873807729887415318.jpg","type":"image","name":"12873807729887415318.jpg"},{"url":"assets/avatar/12873807733147262225.jpg","type":"image","name":"12873807733147262225.jpg"},{"url":"assets/avatar/12873807738513456451.jpg","type":"image","name":"12873807738513456451.jpg"},{"url":"assets/avatar/12873807745337378751.jpg","type":"image","name":"12873807745337378751.jpg"},{"url":"assets/avatar/12873807746098185290.jpg","type":"image","name":"12873807746098185290.jpg"},{"url":"assets/avatar/12873807753363133131.jpg","type":"image","name":"12873807753363133131.jpg"},{"url":"assets/avatar/12873807754158449510.jpg","type":"image","name":"12873807754158449510.jpg"},{"url":"assets/avatar/12873807756687574144.jpg","type":"image","name":"12873807756687574144.jpg"},{"url":"assets/avatar/12873807757118511503.jpg","type":"image","name":"12873807757118511503.jpg"},{"url":"assets/avatar/12873807760171350779.jpg","type":"image","name":"12873807760171350779.jpg"},{"url":"assets/avatar/1287380776349996151.jpg","type":"image","name":"1287380776349996151.jpg"},{"url":"assets/avatar/12873807763999842615.jpg","type":"image","name":"12873807763999842615.jpg"},{"url":"assets/avatar/12873807765486291412.jpg","type":"image","name":"12873807765486291412.jpg"},{"url":"assets/avatar/12873807769030182540.jpg","type":"image","name":"12873807769030182540.jpg"},{"url":"assets/avatar/1287380777193049950.jpg","type":"image","name":"1287380777193049950.jpg"},{"url":"assets/avatar/12873807772727564467.jpg","type":"image","name":"12873807772727564467.jpg"},{"url":"assets/avatar/1287380778385021886.jpg","type":"image","name":"1287380778385021886.jpg"},{"url":"assets/avatar/1287380778390732511.jpg","type":"image","name":"1287380778390732511.jpg"},{"url":"assets/avatar/1287380778538688847.jpg","type":"image","name":"1287380778538688847.jpg"},{"url":"assets/avatar/12873807786902885203.jpg","type":"image","name":"12873807786902885203.jpg"},{"url":"assets/avatar/12873807791154570388.jpg","type":"image","name":"12873807791154570388.jpg"},{"url":"assets/avatar/12873807793050163526.jpg","type":"image","name":"12873807793050163526.jpg"},{"url":"assets/avatar/12873807793986735936.jpg","type":"image","name":"12873807793986735936.jpg"},{"url":"assets/avatar/12873807796529074518.jpg","type":"image","name":"12873807796529074518.jpg"},{"url":"assets/avatar/12873807797349963332.jpg","type":"image","name":"12873807797349963332.jpg"},{"url":"assets/avatar/12873807806326929395.jpg","type":"image","name":"12873807806326929395.jpg"},{"url":"assets/avatar/12873807809320310599.jpg","type":"image","name":"12873807809320310599.jpg"},{"url":"assets/avatar/12873807810450779784.jpg","type":"image","name":"12873807810450779784.jpg"},{"url":"assets/avatar/12873807811732595392.jpg","type":"image","name":"12873807811732595392.jpg"},{"url":"assets/avatar/12873807812583527703.jpg","type":"image","name":"12873807812583527703.jpg"},{"url":"assets/avatar/12873807817788965843.jpg","type":"image","name":"12873807817788965843.jpg"},{"url":"assets/avatar/12873807818352929488.jpg","type":"image","name":"12873807818352929488.jpg"},{"url":"assets/avatar/12873807821550702847.jpg","type":"image","name":"12873807821550702847.jpg"},{"url":"assets/avatar/12873807821896125388.jpg","type":"image","name":"12873807821896125388.jpg"},{"url":"assets/avatar/12873807822934102730.jpg","type":"image","name":"12873807822934102730.jpg"},{"url":"assets/avatar/12873807823479991477.jpg","type":"image","name":"12873807823479991477.jpg"},{"url":"assets/avatar/12873807823916943371.jpg","type":"image","name":"12873807823916943371.jpg"},{"url":"assets/avatar/12873807831271634422.jpg","type":"image","name":"12873807831271634422.jpg"},{"url":"assets/avatar/12873807835132844885.jpg","type":"image","name":"12873807835132844885.jpg"},{"url":"assets/avatar/12873807836953712979.jpg","type":"image","name":"12873807836953712979.jpg"},{"url":"assets/avatar/12873807843213211849.jpg","type":"image","name":"12873807843213211849.jpg"},{"url":"assets/avatar/12873807848387102599.jpg","type":"image","name":"12873807848387102599.jpg"},{"url":"assets/avatar/12873807857151225410.jpg","type":"image","name":"12873807857151225410.jpg"},{"url":"assets/avatar/12873807901259010928.jpg","type":"image","name":"12873807901259010928.jpg"},{"url":"assets/avatar/12873807901285522150.jpg","type":"image","name":"12873807901285522150.jpg"},{"url":"assets/avatar/12873807901319199959.jpg","type":"image","name":"12873807901319199959.jpg"},{"url":"assets/avatar/12873807901337286342.jpg","type":"image","name":"12873807901337286342.jpg"},{"url":"assets/avatar/12873807901433363353.jpg","type":"image","name":"12873807901433363353.jpg"},{"url":"assets/avatar/12873807901539010631.jpg","type":"image","name":"12873807901539010631.jpg"},{"url":"assets/avatar/12873807901664586660.jpg","type":"image","name":"12873807901664586660.jpg"},{"url":"assets/avatar/1287380790185934210.jpg","type":"image","name":"1287380790185934210.jpg"},{"url":"assets/avatar/12873807902128599521.jpg","type":"image","name":"12873807902128599521.jpg"},{"url":"assets/avatar/12873807902323985877.jpg","type":"image","name":"12873807902323985877.jpg"},{"url":"assets/avatar/12873807928430500565.jpg","type":"image","name":"12873807928430500565.jpg"},{"url":"assets/avatar/12873807928538209986.jpg","type":"image","name":"12873807928538209986.jpg"},{"url":"assets/avatar/12873807928656038666.jpg","type":"image","name":"12873807928656038666.jpg"},{"url":"assets/avatar/12873807930027004791.jpg","type":"image","name":"12873807930027004791.jpg"},{"url":"assets/avatar/12873807941625197781.jpg","type":"image","name":"12873807941625197781.jpg"},{"url":"assets/avatar/12873807942249465432.jpg","type":"image","name":"12873807942249465432.jpg"},{"url":"assets/avatar/12873807943996558346.jpg","type":"image","name":"12873807943996558346.jpg"},{"url":"assets/avatar/12873807944723442509.jpg","type":"image","name":"12873807944723442509.jpg"},{"url":"assets/avatar/12873807950601825212.jpg","type":"image","name":"12873807950601825212.jpg"},{"url":"assets/avatar/12873807954162459761.jpg","type":"image","name":"12873807954162459761.jpg"},{"url":"assets/avatar/12873807954643726720.jpg","type":"image","name":"12873807954643726720.jpg"},{"url":"assets/avatar/12873807955510905985.jpg","type":"image","name":"12873807955510905985.jpg"},{"url":"assets/avatar/12873807959512924672.jpg","type":"image","name":"12873807959512924672.jpg"},{"url":"assets/avatar/1287380796590622514.jpg","type":"image","name":"1287380796590622514.jpg"},{"url":"assets/avatar/12873807966654441267.jpg","type":"image","name":"12873807966654441267.jpg"},{"url":"assets/avatar/12873807968365019458.jpg","type":"image","name":"12873807968365019458.jpg"},{"url":"assets/avatar/12873807971471896325.jpg","type":"image","name":"12873807971471896325.jpg"},{"url":"assets/avatar/12873807977146108855.jpg","type":"image","name":"12873807977146108855.jpg"},{"url":"assets/avatar/12873807977711485787.jpg","type":"image","name":"12873807977711485787.jpg"},{"url":"assets/avatar/12873807979520237930.jpg","type":"image","name":"12873807979520237930.jpg"},{"url":"assets/avatar/12873807981464085422.jpg","type":"image","name":"12873807981464085422.jpg"},{"url":"assets/avatar/12873807992419328737.jpg","type":"image","name":"12873807992419328737.jpg"},{"url":"assets/avatar/12873807994673687259.jpg","type":"image","name":"12873807994673687259.jpg"},{"url":"assets/avatar/12873807995640323281.jpg","type":"image","name":"12873807995640323281.jpg"},{"url":"assets/avatar/1287380800115760248.jpg","type":"image","name":"1287380800115760248.jpg"},{"url":"assets/avatar/12873808002138025180.jpg","type":"image","name":"12873808002138025180.jpg"},{"url":"assets/avatar/12873808004370785580.jpg","type":"image","name":"12873808004370785580.jpg"},{"url":"assets/avatar/12873808006743628910.jpg","type":"image","name":"12873808006743628910.jpg"},{"url":"assets/avatar/12873808008320295297.jpg","type":"image","name":"12873808008320295297.jpg"},{"url":"assets/avatar/12873808010540941287.jpg","type":"image","name":"12873808010540941287.jpg"},{"url":"assets/avatar/12873808016203612259.jpg","type":"image","name":"12873808016203612259.jpg"},{"url":"assets/avatar/12873808017524465636.jpg","type":"image","name":"12873808017524465636.jpg"},{"url":"assets/avatar/12873808019778294890.jpg","type":"image","name":"12873808019778294890.jpg"},{"url":"assets/avatar/1287380802275841926.jpg","type":"image","name":"1287380802275841926.jpg"},{"url":"assets/avatar/12873808028806843331.jpg","type":"image","name":"12873808028806843331.jpg"},{"url":"assets/avatar/12873808029810109191.jpg","type":"image","name":"12873808029810109191.jpg"},{"url":"assets/avatar/1287380803142411231.jpg","type":"image","name":"1287380803142411231.jpg"},{"url":"assets/avatar/12873808037412007177.jpg","type":"image","name":"12873808037412007177.jpg"},{"url":"assets/avatar/12873808039972897415.jpg","type":"image","name":"12873808039972897415.jpg"},{"url":"assets/avatar/12873808057678697634.jpg","type":"image","name":"12873808057678697634.jpg"},{"url":"assets/avatar/12873808057902227579.jpg","type":"image","name":"12873808057902227579.jpg"},{"url":"assets/avatar/12873808058000350469.jpg","type":"image","name":"12873808058000350469.jpg"},{"url":"assets/avatar/1287380805835361782.jpg","type":"image","name":"1287380805835361782.jpg"},{"url":"assets/avatar/12873808058473336255.jpg","type":"image","name":"12873808058473336255.jpg"},{"url":"assets/avatar/1287380805894650269.jpg","type":"image","name":"1287380805894650269.jpg"},{"url":"assets/avatar/12873808059388386520.jpg","type":"image","name":"12873808059388386520.jpg"},{"url":"assets/avatar/12873808062241766114.jpg","type":"image","name":"12873808062241766114.jpg"},{"url":"assets/avatar/12873808065144734102.jpg","type":"image","name":"12873808065144734102.jpg"},{"url":"assets/avatar/12873808066547751863.jpg","type":"image","name":"12873808066547751863.jpg"},{"url":"assets/avatar/12873808066682812198.jpg","type":"image","name":"12873808066682812198.jpg"},{"url":"assets/avatar/12873808082987259875.jpg","type":"image","name":"12873808082987259875.jpg"},{"url":"assets/avatar/12873808083148812684.jpg","type":"image","name":"12873808083148812684.jpg"},{"url":"assets/avatar/12873808083414156809.jpg","type":"image","name":"12873808083414156809.jpg"},{"url":"assets/avatar/12873808084401624209.jpg","type":"image","name":"12873808084401624209.jpg"},{"url":"assets/avatar/12873808084722415818.jpg","type":"image","name":"12873808084722415818.jpg"},{"url":"assets/avatar/12873808085185925959.jpg","type":"image","name":"12873808085185925959.jpg"},{"url":"assets/avatar/12873808089780655152.jpg","type":"image","name":"12873808089780655152.jpg"},{"url":"assets/avatar/12873808092314217345.jpg","type":"image","name":"12873808092314217345.jpg"},{"url":"assets/avatar/12873808104514807179.jpg","type":"image","name":"12873808104514807179.jpg"},{"url":"assets/avatar/1287380810819857159.jpg","type":"image","name":"1287380810819857159.jpg"},{"url":"assets/avatar/12873808111026838317.jpg","type":"image","name":"12873808111026838317.jpg"},{"url":"assets/avatar/1287380811145688944.jpg","type":"image","name":"1287380811145688944.jpg"},{"url":"assets/avatar/1287380811197376289.jpg","type":"image","name":"1287380811197376289.jpg"},{"url":"assets/avatar/12873808114630688329.jpg","type":"image","name":"12873808114630688329.jpg"},{"url":"assets/avatar/12873808117652910436.jpg","type":"image","name":"12873808117652910436.jpg"},{"url":"assets/avatar/12873808129408177234.jpg","type":"image","name":"12873808129408177234.jpg"},{"url":"assets/avatar/12873808130802458833.jpg","type":"image","name":"12873808130802458833.jpg"},{"url":"assets/avatar/12873808130845012896.jpg","type":"image","name":"12873808130845012896.jpg"},{"url":"assets/avatar/12873808132933192612.jpg","type":"image","name":"12873808132933192612.jpg"},{"url":"assets/avatar/12873808132953043842.jpg","type":"image","name":"12873808132953043842.jpg"},{"url":"assets/avatar/12873808136346033839.jpg","type":"image","name":"12873808136346033839.jpg"},{"url":"assets/avatar/12873808137806201538.jpg","type":"image","name":"12873808137806201538.jpg"},{"url":"assets/avatar/12873808139012302892.jpg","type":"image","name":"12873808139012302892.jpg"},{"url":"assets/avatar/12873808140200267302.jpg","type":"image","name":"12873808140200267302.jpg"},{"url":"assets/avatar/12873808143389393622.jpg","type":"image","name":"12873808143389393622.jpg"},{"url":"assets/avatar/12873808147983393234.jpg","type":"image","name":"12873808147983393234.jpg"},{"url":"assets/avatar/12873808160465548127.jpg","type":"image","name":"12873808160465548127.jpg"},{"url":"assets/avatar/12873808168596984550.jpg","type":"image","name":"12873808168596984550.jpg"},{"url":"assets/avatar/12873808171554091603.jpg","type":"image","name":"12873808171554091603.jpg"},{"url":"assets/avatar/12873808200990569686.jpg","type":"image","name":"12873808200990569686.jpg"},{"url":"assets/avatar/12873808201053987779.jpg","type":"image","name":"12873808201053987779.jpg"},{"url":"assets/avatar/12873808201257220837.jpg","type":"image","name":"12873808201257220837.jpg"},{"url":"assets/avatar/1287380820133179413.jpg","type":"image","name":"1287380820133179413.jpg"},{"url":"assets/avatar/12873808201477568184.jpg","type":"image","name":"12873808201477568184.jpg"},{"url":"assets/avatar/1287380820165243074.jpg","type":"image","name":"1287380820165243074.jpg"},{"url":"assets/avatar/12873808225758434957.jpg","type":"image","name":"12873808225758434957.jpg"},{"url":"assets/avatar/1287380822885539079.jpg","type":"image","name":"1287380822885539079.jpg"},{"url":"assets/avatar/12873808232033319818.jpg","type":"image","name":"12873808232033319818.jpg"},{"url":"assets/avatar/12873808239108342631.jpg","type":"image","name":"12873808239108342631.jpg"},{"url":"assets/avatar/12873808250987123243.jpg","type":"image","name":"12873808250987123243.jpg"},{"url":"assets/avatar/1287380825310223650.jpg","type":"image","name":"1287380825310223650.jpg"},{"url":"assets/avatar/12873808253130965488.jpg","type":"image","name":"12873808253130965488.jpg"},{"url":"assets/avatar/12873808256020121503.jpg","type":"image","name":"12873808256020121503.jpg"},{"url":"assets/avatar/12873808259014510980.jpg","type":"image","name":"12873808259014510980.jpg"},{"url":"assets/avatar/12873808260952016669.jpg","type":"image","name":"12873808260952016669.jpg"},{"url":"assets/avatar/12873808264669220290.jpg","type":"image","name":"12873808264669220290.jpg"},{"url":"assets/avatar/12873808266085333926.jpg","type":"image","name":"12873808266085333926.jpg"},{"url":"assets/avatar/12873808275325719812.jpg","type":"image","name":"12873808275325719812.jpg"},{"url":"assets/avatar/12873808279741072943.jpg","type":"image","name":"12873808279741072943.jpg"},{"url":"assets/avatar/12873808282481740534.jpg","type":"image","name":"12873808282481740534.jpg"},{"url":"assets/avatar/12873808287443278119.jpg","type":"image","name":"12873808287443278119.jpg"},{"url":"assets/avatar/12873808291651969400.jpg","type":"image","name":"12873808291651969400.jpg"},{"url":"assets/avatar/12873808293378070847.jpg","type":"image","name":"12873808293378070847.jpg"},{"url":"assets/avatar/1287380829718955955.jpg","type":"image","name":"1287380829718955955.jpg"},{"url":"assets/avatar/12873808300081312545.jpg","type":"image","name":"12873808300081312545.jpg"},{"url":"assets/avatar/12873808304266442773.jpg","type":"image","name":"12873808304266442773.jpg"},{"url":"assets/avatar/1287380830774220420.jpg","type":"image","name":"1287380830774220420.jpg"},{"url":"assets/avatar/12873808312292835852.jpg","type":"image","name":"12873808312292835852.jpg"},{"url":"assets/avatar/12873808312587832701.jpg","type":"image","name":"12873808312587832701.jpg"},{"url":"assets/avatar/12873808318854920175.jpg","type":"image","name":"12873808318854920175.jpg"},{"url":"assets/avatar/12873808320258328716.jpg","type":"image","name":"12873808320258328716.jpg"},{"url":"assets/avatar/12873808322533846770.jpg","type":"image","name":"12873808322533846770.jpg"},{"url":"assets/avatar/12873808326096281802.jpg","type":"image","name":"12873808326096281802.jpg"},{"url":"assets/avatar/12873808328960611285.jpg","type":"image","name":"12873808328960611285.jpg"},{"url":"assets/avatar/1287380833136671934.jpg","type":"image","name":"1287380833136671934.jpg"},{"url":"assets/avatar/12873808338420947340.jpg","type":"image","name":"12873808338420947340.jpg"},{"url":"assets/avatar/12873808343586118158.jpg","type":"image","name":"12873808343586118158.jpg"},{"url":"assets/avatar/12873808344242876641.jpg","type":"image","name":"12873808344242876641.jpg"},{"url":"assets/avatar/12873808346103254106.jpg","type":"image","name":"12873808346103254106.jpg"},{"url":"assets/avatar/12873808346740708106.jpg","type":"image","name":"12873808346740708106.jpg"},{"url":"assets/avatar/12873808348868475418.jpg","type":"image","name":"12873808348868475418.jpg"},{"url":"assets/avatar/12873808373527248719.jpg","type":"image","name":"12873808373527248719.jpg"},{"url":"assets/avatar/12873808386552077131.jpg","type":"image","name":"12873808386552077131.jpg"},{"url":"assets/avatar/12873808389897313575.jpg","type":"image","name":"12873808389897313575.jpg"},{"url":"assets/avatar/12873808400804311646.jpg","type":"image","name":"12873808400804311646.jpg"},{"url":"assets/avatar/12873808403677021326.jpg","type":"image","name":"12873808403677021326.jpg"},{"url":"assets/avatar/12873808404429866577.jpg","type":"image","name":"12873808404429866577.jpg"},{"url":"assets/avatar/12873808406499982301.jpg","type":"image","name":"12873808406499982301.jpg"},{"url":"assets/avatar/1287380841558893649.jpg","type":"image","name":"1287380841558893649.jpg"},{"url":"assets/avatar/12873808424242033357.jpg","type":"image","name":"12873808424242033357.jpg"},{"url":"assets/avatar/12873808424975844551.jpg","type":"image","name":"12873808424975844551.jpg"},{"url":"assets/avatar/12873808426409903329.jpg","type":"image","name":"12873808426409903329.jpg"},{"url":"assets/avatar/12873808428266454187.jpg","type":"image","name":"12873808428266454187.jpg"},{"url":"assets/avatar/1287380843107702148.jpg","type":"image","name":"1287380843107702148.jpg"},{"url":"assets/avatar/12873808462795487442.jpg","type":"image","name":"12873808462795487442.jpg"},{"url":"assets/avatar/12873808491678634825.jpg","type":"image","name":"12873808491678634825.jpg"},{"url":"assets/avatar/1287380849170386659.jpg","type":"image","name":"1287380849170386659.jpg"},{"url":"assets/avatar/12873808491714431540.jpg","type":"image","name":"12873808491714431540.jpg"},{"url":"assets/avatar/12873808491714485256.jpg","type":"image","name":"12873808491714485256.jpg"},{"url":"assets/avatar/1287380849183776068.jpg","type":"image","name":"1287380849183776068.jpg"},{"url":"assets/avatar/1287380849191929825.jpg","type":"image","name":"1287380849191929825.jpg"},{"url":"assets/avatar/1287380849224300131.jpg","type":"image","name":"1287380849224300131.jpg"},{"url":"assets/avatar/12873808492288334309.jpg","type":"image","name":"12873808492288334309.jpg"},{"url":"assets/avatar/12873808515430713234.jpg","type":"image","name":"12873808515430713234.jpg"},{"url":"assets/avatar/1287380851652332143.jpg","type":"image","name":"1287380851652332143.jpg"},{"url":"assets/avatar/12873808524312810609.jpg","type":"image","name":"12873808524312810609.jpg"},{"url":"assets/avatar/12873808526453141502.jpg","type":"image","name":"12873808526453141502.jpg"},{"url":"assets/avatar/12873808542478828339.jpg","type":"image","name":"12873808542478828339.jpg"},{"url":"assets/avatar/12873808542507979881.jpg","type":"image","name":"12873808542507979881.jpg"},{"url":"assets/avatar/12873808555595253396.jpg","type":"image","name":"12873808555595253396.jpg"},{"url":"assets/avatar/12873808559067031864.jpg","type":"image","name":"12873808559067031864.jpg"},{"url":"assets/avatar/12873808565429292580.jpg","type":"image","name":"12873808565429292580.jpg"},{"url":"assets/avatar/12873808566603310256.jpg","type":"image","name":"12873808566603310256.jpg"},{"url":"assets/avatar/12873808567616854383.jpg","type":"image","name":"12873808567616854383.jpg"},{"url":"assets/avatar/12873808567680174628.jpg","type":"image","name":"12873808567680174628.jpg"},{"url":"assets/avatar/12873808571523587125.jpg","type":"image","name":"12873808571523587125.jpg"},{"url":"assets/avatar/12873808582112493574.jpg","type":"image","name":"12873808582112493574.jpg"},{"url":"assets/avatar/128738085849177584.jpg","type":"image","name":"128738085849177584.jpg"},{"url":"assets/avatar/12873808586555394165.jpg","type":"image","name":"12873808586555394165.jpg"},{"url":"assets/avatar/12873808586586189822.jpg","type":"image","name":"12873808586586189822.jpg"},{"url":"assets/avatar/12873808591275452601.jpg","type":"image","name":"12873808591275452601.jpg"},{"url":"assets/avatar/1287380860313853428.jpg","type":"image","name":"1287380860313853428.jpg"},{"url":"assets/avatar/128738086101438231000.jpg","type":"image","name":"128738086101438231000.jpg"},{"url":"assets/avatar/12873808611270486201.jpg","type":"image","name":"12873808611270486201.jpg"},{"url":"assets/avatar/12873808614642310678.jpg","type":"image","name":"12873808614642310678.jpg"},{"url":"assets/avatar/12873808618607758654.jpg","type":"image","name":"12873808618607758654.jpg"},{"url":"assets/avatar/12873808621415384608.jpg","type":"image","name":"12873808621415384608.jpg"},{"url":"assets/avatar/1287380862774692043.jpg","type":"image","name":"1287380862774692043.jpg"},{"url":"assets/avatar/12873808633950204779.jpg","type":"image","name":"12873808633950204779.jpg"},{"url":"assets/avatar/12873808634663729939.jpg","type":"image","name":"12873808634663729939.jpg"},{"url":"assets/avatar/12873808637892092156.jpg","type":"image","name":"12873808637892092156.jpg"},{"url":"assets/avatar/12873808641757049386.jpg","type":"image","name":"12873808641757049386.jpg"},{"url":"assets/avatar/1287380866017010876.jpg","type":"image","name":"1287380866017010876.jpg"},{"url":"assets/avatar/12873808669098127761.jpg","type":"image","name":"12873808669098127761.jpg"},{"url":"assets/avatar/12873808669330876994.jpg","type":"image","name":"12873808669330876994.jpg"},{"url":"assets/avatar/12873808670620063711.jpg","type":"image","name":"12873808670620063711.jpg"},{"url":"assets/avatar/12873808677212514809.jpg","type":"image","name":"12873808677212514809.jpg"},{"url":"assets/avatar/12873808698418208712.jpg","type":"image","name":"12873808698418208712.jpg"},{"url":"assets/avatar/12873808701405826263.jpg","type":"image","name":"12873808701405826263.jpg"},{"url":"assets/avatar/1287380876854967741.jpg","type":"image","name":"1287380876854967741.jpg"},{"url":"assets/avatar/12873808770055098836.jpg","type":"image","name":"12873808770055098836.jpg"},{"url":"assets/avatar/1287380877005510111.jpg","type":"image","name":"1287380877005510111.jpg"},{"url":"assets/avatar/12873808799317010630.jpg","type":"image","name":"12873808799317010630.jpg"},{"url":"assets/avatar/128738087994496972.jpg","type":"image","name":"128738087994496972.jpg"},{"url":"assets/avatar/1287380879953755763.jpg","type":"image","name":"1287380879953755763.jpg"},{"url":"assets/avatar/12873808799612617260.jpg","type":"image","name":"12873808799612617260.jpg"},{"url":"assets/avatar/12873808799651857449.jpg","type":"image","name":"12873808799651857449.jpg"},{"url":"assets/avatar/12873808799939117765.jpg","type":"image","name":"12873808799939117765.jpg"},{"url":"assets/avatar/12873808799961487892.jpg","type":"image","name":"12873808799961487892.jpg"},{"url":"assets/avatar/1287380882292231225.jpg","type":"image","name":"1287380882292231225.jpg"},{"url":"assets/avatar/12873808823854020137.jpg","type":"image","name":"12873808823854020137.jpg"},{"url":"assets/avatar/12873808824206267166.jpg","type":"image","name":"12873808824206267166.jpg"},{"url":"assets/avatar/12873808830617101718.jpg","type":"image","name":"12873808830617101718.jpg"},{"url":"assets/avatar/12873808833084298934.jpg","type":"image","name":"12873808833084298934.jpg"},{"url":"assets/avatar/12873808833814912428.jpg","type":"image","name":"12873808833814912428.jpg"},{"url":"assets/avatar/12873808835272715193.jpg","type":"image","name":"12873808835272715193.jpg"},{"url":"assets/avatar/12873808852150773333.jpg","type":"image","name":"12873808852150773333.jpg"},{"url":"assets/avatar/12873808854896220825.jpg","type":"image","name":"12873808854896220825.jpg"},{"url":"assets/avatar/12873808856763612727.jpg","type":"image","name":"12873808856763612727.jpg"},{"url":"assets/avatar/12873808857482558298.jpg","type":"image","name":"12873808857482558298.jpg"},{"url":"assets/avatar/12873808860619504356.jpg","type":"image","name":"12873808860619504356.jpg"},{"url":"assets/avatar/12873808861206734353.jpg","type":"image","name":"12873808861206734353.jpg"},{"url":"assets/avatar/1287380886169405692.jpg","type":"image","name":"1287380886169405692.jpg"},{"url":"assets/avatar/12873808869273837177.jpg","type":"image","name":"12873808869273837177.jpg"},{"url":"assets/avatar/12873808870355916866.jpg","type":"image","name":"12873808870355916866.jpg"},{"url":"assets/avatar/12873808878262280598.jpg","type":"image","name":"12873808878262280598.jpg"},{"url":"assets/avatar/12873808881333077683.jpg","type":"image","name":"12873808881333077683.jpg"},{"url":"assets/avatar/12873808882039435872.jpg","type":"image","name":"12873808882039435872.jpg"},{"url":"assets/avatar/12873808885131896834.jpg","type":"image","name":"12873808885131896834.jpg"},{"url":"assets/avatar/1287380888575844563.jpg","type":"image","name":"1287380888575844563.jpg"},{"url":"assets/avatar/12873808903324045450.jpg","type":"image","name":"12873808903324045450.jpg"},{"url":"assets/avatar/12873808907196419853.jpg","type":"image","name":"12873808907196419853.jpg"},{"url":"assets/avatar/1287380890918380839.jpg","type":"image","name":"1287380890918380839.jpg"},{"url":"assets/avatar/12873808912099707876.jpg","type":"image","name":"12873808912099707876.jpg"},{"url":"assets/avatar/12873808912836431803.jpg","type":"image","name":"12873808912836431803.jpg"},{"url":"assets/avatar/12873808918418401880.jpg","type":"image","name":"12873808918418401880.jpg"},{"url":"assets/avatar/1287380891909050925.jpg","type":"image","name":"1287380891909050925.jpg"},{"url":"assets/avatar/12873808929709808209.jpg","type":"image","name":"12873808929709808209.jpg"},{"url":"assets/avatar/12873808935319090548.jpg","type":"image","name":"12873808935319090548.jpg"},{"url":"assets/avatar/12873808936280551275.jpg","type":"image","name":"12873808936280551275.jpg"},{"url":"assets/avatar/1287380893868905347.jpg","type":"image","name":"1287380893868905347.jpg"},{"url":"assets/avatar/12873808942602798921.jpg","type":"image","name":"12873808942602798921.jpg"},{"url":"assets/avatar/12873808943494787569.jpg","type":"image","name":"12873808943494787569.jpg"},{"url":"assets/avatar/12873808957446817979.jpg","type":"image","name":"12873808957446817979.jpg"},{"url":"assets/avatar/12873808961905390103.jpg","type":"image","name":"12873808961905390103.jpg"},{"url":"assets/avatar/1287380896600784417.jpg","type":"image","name":"1287380896600784417.jpg"},{"url":"assets/avatar/128738089675296439.jpg","type":"image","name":"128738089675296439.jpg"},{"url":"assets/avatar/12873808970804848224.jpg","type":"image","name":"12873808970804848224.jpg"},{"url":"packs0/skin-0sheet.json","type":"sheet","name":"skin-0sheet.json","subkeys":"skin_unget.png,skin_marge.png,skin_exmerage.png,skin_exbg.png,skin_btn_movie.png,skin_btn_invite.png,skin_bg2.png,skin_bg1.png,skin-tab-video.png,skin-tab-star.png,skin-selected.png,skin-point-white.png,skin-point-black.png,skin-icon-star.png,skin-icon-ad.png,skin-btn-play.png,skin-btn-play-down.png,skin-bg.png,skin-bg-unlocked.png,nextpage2.png,nextpage1.png"},{"url":"packs0/skin-0sheet.png","type":"image","name":"skin-0sheet.png"},{"url":"packs0/rank-0sheet.json","type":"sheet","name":"rank-0sheet.json","subkeys":"return_main_down.png,return_main.png,rank_hmerge_4.png,rank_hmerge_3.png,rank_hmerge_2.png,rank_hmerge_1.png,rank_headBg_mask.png,rank_hbg.png,rank_champion_head.png,rank_champion_bar.png,rank_btn_share_down.png,rank_btn_share.png,rank_btn_play_down.png,rank_btn_play.png,rank_bg_4.png,rank_bg_3.png,rank_bg_2.png,rank_background.png,rank-tab-world.png,rank-tab-friend.png,rank-rankn.png,rank-rank3.png,rank-rank2.png,rank-rank1.png,rank-portrait-rankn.png,rank-portrait-rank3.png,rank-portrait-rank2.png,rank-mask-champion.png,rank-icon-invite.png,rank-icon-champion.png,rank-btn-share.png,rank-btn-share-down.png,rank-btn-play.png,rank-btn-play-down.png,rank-bar-unnamed.png"},{"url":"packs0/rank-0sheet.png","type":"image","name":"rank-0sheet.png"},{"url":"packs0/rank-1sheet.json","type":"sheet","name":"rank-1sheet.json","subkeys":"rank_bg_1.png,rank-portrait-rank1.png,rank-mask-portrait.png,rank-bar-personal.png,rank-bar-champion.png,end_btn_invite_down.png,end_btn_invite.png"},{"url":"packs0/rank-1sheet.png","type":"image","name":"rank-1sheet.png"},{"url":"packs0/share-0sheet.json","type":"sheet","name":"share-0sheet.json","subkeys":"share-common-point.png,share-common-head.png,share-common-head-bg.png,result-name-bg.png,result-head.png,result-head-mask.png"},{"url":"packs0/share-0sheet.png","type":"image","name":"share-0sheet.png"},{"url":"packs0/invite-0sheet.json","type":"sheet","name":"invite-0sheet.json","subkeys":"invite-skin-bg.png,invite-portrait.png,invite-portrait-mask.png,invite-mask-ball.png,invite-icon-friend.png,invite-btn.png,invite-btn-down.png"},{"url":"packs0/invite-0sheet.png","type":"image","name":"invite-0sheet.png"},{"url":"packs0/home-0sheet.json","type":"sheet","name":"home-0sheet.json","subkeys":"match-progressbar_yellow.png,match-bg.png,home-star.png,home-star-bg.png,home-logo.png,home-btn-skin.png,home-btn-skin-down.png,home-btn-rare.png,home-btn-rare-down.png,home-btn-rank.png,home-btn-rank-down.png,home-btn-game.png,home-btn-game-bg.png,home-btn-audio-on.png,home-btn-audio-off.png,head_marge.png,head_circle.png,head_bg.png,game_btn_continue_down.png,game_btn_continue.png,game_begin2_down.png,game_begin2.png,game_begin1_down.png,game_begin1.png"},{"url":"packs0/home-0sheet.png","type":"image","name":"home-0sheet.png"},{"url":"packs0/home-1sheet.json","type":"sheet","name":"home-1sheet.json","subkeys":"match-progressbar_black.png,match-portrait-mask.png,match-portrait-bg.png,home_logo.png,home-icon-rare.png,home-btn-game-mask.png,game_btn_no_down.png,game_btn_no.png"},{"url":"packs0/home-1sheet.png","type":"image","name":"home-1sheet.png"},{"url":"packs0/game-0sheet.json","type":"sheet","name":"game-0sheet.json","subkeys":"revive-icon-revive.png,revive-icon-green.png,revive-icon-black.png,revive-icon-ad.png,game_notice.png,game_headbg.png,game-wheel.png,game-swipe-bar.png,game-progressbar-yellow.png,game-progressbar-black.png,game-icon-try.png,game-icon-try-down.png,game-icon-close.png,game-icon-close-down.png,game-flag.png,game-finger.png,game-bg-recommend.png,LOGO.png"},{"url":"packs0/game-0sheet.png","type":"image","name":"game-0sheet.png"},{"url":"packs0/end-0sheet.json","type":"sheet","name":"end-0sheet.json","subkeys":"end-star-bg.png,end-portrait.png,end-portrait-mask.png,end-pop-bg.png,end-podium.png,end-icon-pk.png,end-icon-close.png,end-crown.png,end-btn-home.png,end-btn-home-down.png,end-btn-green.png,end-btn-green-down.png"},{"url":"packs0/end-0sheet.png","type":"image","name":"end-0sheet.png"},{"url":"packs0/common-0sheet.json","type":"sheet","name":"common-0sheet.json","subkeys":"toast_bg.png,notify.png,loading_indicator.png,loading.png,icon-play-yellow.png,icon-play-white.png,default_portrait.png,default_ball.png,btn3-up.png,btn3-down.png,btn-single.png,btn-single-down.png,btn-friendly.png,btn-friendly-down.png"},{"url":"packs0/common-0sheet.png","type":"image","name":"common-0sheet.png"}]}