{
	"skins": {
		"eui.Button": "resource/eui_skins/ButtonSkin.exml",
		"eui.CheckBox": "resource/eui_skins/CheckBoxSkin.exml",
		"eui.HScrollBar": "resource/eui_skins/HScrollBarSkin.exml",
		"eui.HSlider": "resource/eui_skins/HSliderSkin.exml",
		"eui.Panel": "resource/eui_skins/PanelSkin.exml",
		"eui.TextInput": "resource/eui_skins/TextInputSkin.exml",
		"eui.ProgressBar": "resource/eui_skins/ProgressBarSkin.exml",
		"eui.RadioButton": "resource/eui_skins/RadioButtonSkin.exml",
		"eui.Scroller": "resource/eui_skins/ScrollerSkin.exml",
		"eui.ToggleSwitch": "resource/eui_skins/ToggleSwitchSkin.exml",
		"eui.VScrollBar": "resource/eui_skins/VScrollBarSkin.exml",
		"eui.VSlider": "resource/eui_skins/VSliderSkin.exml",
		"eui.ItemRenderer": "resource/eui_skins/ItemRendererSkin.exml",
		"Toast": "resource/eui_skins/Toast.exml",
		"HomeView": "resource/eui_skins/HomeView.exml",
		"GameView": "resource/eui_skins/GameView.exml",
		"RankView": "resource/eui_skins/RankView.exml",
		"RankItemRender": "resource/eui_skins/RankItemRender.exml",
		"WorldRankItemRender": "resource/eui_skins/WorldRankItemRender.exml",
		"FriendRankItemRender": "resource/eui_skins/FriendRankItemRender.exml",
		"ReviveView": "resource/eui_skins/ReviveView.exml",
		"SkinView": "resource/eui_skins/SkinView.exml",
		"SkinItemRender": "resource/eui_skins/SkinItemRender.exml",
		"PageIndicatorItemRender": "resource/eui_skins/PageIndicatorItemRender.exml",
		"EndView": "resource/eui_skins/EndView.exml",
		"MatchView": "resource/eui_skins/MatchView.exml",
		"MatchItemRender": "resource/eui_skins/MatchItemRender.exml",
		"InviteView": "resource/eui_skins/InviteView.exml",
		"InviteSkinItemRender": "resource/eui_skins/InviteSkinItemRender.exml",
		"InvitePortraitItemRender": "resource/eui_skins/InvitePortraitItemRender.exml",
		"ChallengeShareUI": "resource/eui_skins/ChallengeShareUI.exml",
		"CommonShareUI": "resource/eui_skins/CommonShareUI.exml",
		"SkinShareUI": "resource/eui_skins/SkinShareUI.exml",
		"LoadingView": "resource/eui_skins/LoadingView.exml",
		"BeforeEndView": "resource/eui_skins/BeforeEndView.exml",
		"FriendItemRender": "resource/eui_skins/FriendItemRender.exml"
	},
	"autoGenerateExmlsList": true,
	"exmls": [
		"resource/eui_skins/BeforeEndView.exml",
		"resource/eui_skins/ButtonSkin.exml",
		"resource/eui_skins/ButtonSkinWhite.exml",
		"resource/eui_skins/ButtonSkinYellow.exml",
		"resource/eui_skins/CheckBoxSkin.exml",
		"resource/eui_skins/CommonShareUI.exml",
		"resource/eui_skins/EndView.exml",
		"resource/eui_skins/FriendItemRender.exml",
		"resource/eui_skins/FriendRankItemRender.exml",
		"resource/eui_skins/GameView.exml",
		"resource/eui_skins/HomeView.exml",
		"resource/eui_skins/HScrollBarSkin.exml",
		"resource/eui_skins/HSliderSkin.exml",
		"resource/eui_skins/IconButtonSkin.exml",
		"resource/eui_skins/InvitePortraitItemRender.exml",
		"resource/eui_skins/InviteSkinItemRender.exml",
		"resource/eui_skins/InviteView.exml",
		"resource/eui_skins/ItemRendererSkin.exml",
		"resource/eui_skins/LoadingView.exml",
		"resource/eui_skins/MatchItemRender.exml",
		"resource/eui_skins/MatchView.exml",
		"resource/eui_skins/PageIndicatorItemRender.exml",
		"resource/eui_skins/PanelSkin.exml",
		"resource/eui_skins/ProgressBarSkin.exml",
		"resource/eui_skins/RadioButtonSkin.exml",
		"resource/eui_skins/RankItemRender.exml",
		"resource/eui_skins/RankView.exml",
		"resource/eui_skins/ResultShareUI.exml",
		"resource/eui_skins/ReviveView.exml",
		"resource/eui_skins/ScrollerSkin.exml",
		"resource/eui_skins/SkinItemRender.exml",
		"resource/eui_skins/SkinView.exml",
		"resource/eui_skins/TextInputSkin.exml",
		"resource/eui_skins/Toast.exml",
		"resource/eui_skins/ToggleSwitchSkin.exml",
		"resource/eui_skins/VScrollBarSkin.exml",
		"resource/eui_skins/VSliderSkin.exml",
		"resource/eui_skins/WorldRankItemRender.exml"
	],
	"path": "resource/default.thm.json"
}